{
  "SPY": {
    "1min": {
      "roc_length": 16,
      "smooth_length": 8,
      "flip_accuracy": 0.7860804416403785,
      "whipsaw_rate": 0.214863000197122,
      "avg_trend_duration": 20.95347003154574,
      "zone_accuracy": 0.8055835856037672,
      "composite_score": 0.5932352554047359,
      "total_flips": 5073,
      "total_extreme_entries": 2973,
      "bars_tested": 106329
    },
    "5min": {
      "roc_length": 20,
      "smooth_length": 8,
      "flip_accuracy": 0.8006686545585976,
      "whipsaw_rate": 0.19815668202764977,
      "avg_trend_duration": 25.114154013015185,
      "zone_accuracy": 0.8072190319934373,
      "composite_score": 0.6031318389328941,
      "total_flips": 3689,
      "total_extreme_entries": 2438,
      "bars_tested": 92732
    },
    "15min": {
      "roc_length": 12,
      "smooth_length": 8,
      "flip_accuracy": 0.8081493281913579,
      "whipsaw_rate": 0.2,
      "avg_trend_duration": 19.227133210558623,
      "zone_accuracy": 0.8044280442804428,
      "composite_score": 0.6065794825984698,
      "total_flips": 1630,
      "total_extreme_entries": 814,
      "bars_tested": 31386
    },
    "1hr": {
      "roc_length": 20,
      "smooth_length": 8,
      "flip_accuracy": 0.7890011223344557,
      "whipsaw_rate": 0.18181818181818182,
      "avg_trend_duration": 26.341216216216218,
      "zone_accuracy": 0.7807017543859649,
      "composite_score": 0.6145448279220209,
      "total_flips": 297,
      "total_extreme_entries": 229,
      "bars_tested": 7866
    }
  },
  "QQQ": {
    "1min": {
      "roc_length": 14,
      "smooth_length": 8,
      "flip_accuracy": 0.7976982557094048,
      "whipsaw_rate": 0.20496224379719524,
      "avg_trend_duration": 19.86549181801834,
      "zone_accuracy": 0.7981917985146917,
      "composite_score": 0.5985812697738075,
      "total_flips": 5562,
      "total_extreme_entries": 3097,
      "bars_tested": 110527
    },
    "5min": {
      "roc_length": 20,
      "smooth_length": 8,
      "flip_accuracy": 0.80077233631736,
      "whipsaw_rate": 0.20537124802527645,
      "avg_trend_duration": 24.627337371609165,
      "zone_accuracy": 0.8010956595027392,
      "composite_score": 0.6004072207811498,
      "total_flips": 3798,
      "total_extreme_entries": 2373,
      "bars_tested": 93614
    },
    "15min": {
      "roc_length": 20,
      "smooth_length": 8,
      "flip_accuracy": 0.7869673144348206,
      "whipsaw_rate": 0.18831168831168832,
      "avg_trend_duration": 25.44354183590577,
      "zone_accuracy": 0.8188976377952756,
      "composite_score": 0.6052493852745165,
      "total_flips": 1232,
      "total_extreme_entries": 763,
      "bars_tested": 31380
    },
    "1hr": {
      "roc_length": 14,
      "smooth_length": 8,
      "flip_accuracy": 0.8045977011494253,
      "whipsaw_rate": 0.19363395225464192,
      "avg_trend_duration": 20.6968085106383,
      "zone_accuracy": 0.7953488372093023,
      "composite_score": 0.6156840343915904,
      "total_flips": 377,
      "total_extreme_entries": 215,
      "bars_tested": 7851
    }
  },
  "TSLA": {
    "1min": {
      "roc_length": 20,
      "smooth_length": 8,
      "flip_accuracy": 0.784398388025331,
      "whipsaw_rate": 0.2089358946686812,
      "avg_trend_duration": 24.569300518134714,
      "zone_accuracy": 0.8055089015787705,
      "composite_score": 0.5942107611800733,
      "total_flips": 4633,
      "total_extreme_entries": 2977,
      "bars_tested": 113856
    },
    "5min": {
      "roc_length": 20,
      "smooth_length": 8,
      "flip_accuracy": 0.7983120160097451,
      "whipsaw_rate": 0.2017749934742887,
      "avg_trend_duration": 24.54177545691906,
      "zone_accuracy": 0.7984134391040597,
      "composite_score": 0.6000319846327348,
      "total_flips": 3831,
      "total_extreme_entries": 2144,
      "bars_tested": 94065
    },
    "15min": {
      "roc_length": 16,
      "smooth_length": 8,
      "flip_accuracy": 0.7948288586655926,
      "whipsaw_rate": 0.2049645390070922,
      "avg_trend_duration": 22.233498935415188,
      "zone_accuracy": 0.7963446475195822,
      "composite_score": 0.599942608192913,
      "total_flips": 1410,
      "total_extreme_entries": 767,
      "bars_tested": 31386
    },
    "1hr": {
      "roc_length": 12,
      "smooth_length": 8,
      "flip_accuracy": 0.7957264957264957,
      "whipsaw_rate": 0.18205128205128204,
      "avg_trend_duration": 20.00771208226221,
      "zone_accuracy": 0.7815533980582524,
      "composite_score": 0.6129666051548223,
      "total_flips": 390,
      "total_extreme_entries": 206,
      "bars_tested": 7851
    }
  },
  "NVDA": {
    "1min": {
      "roc_length": 14,
      "smooth_length": 8,
      "flip_accuracy": 0.7825579008380797,
      "whipsaw_rate": 0.20340124600101028,
      "avg_trend_duration": 19.50471539238801,
      "zone_accuracy": 0.7968404423380727,
      "composite_score": 0.593412596721356,
      "total_flips": 5939,
      "total_extreme_entries": 3165,
      "bars_tested": 115882
    },
    "5min": {
      "roc_length": 16,
      "smooth_length": 8,
      "flip_accuracy": 0.78773541228488,
      "whipsaw_rate": 0.1989051094890511,
      "avg_trend_duration": 21.411362080766597,
      "zone_accuracy": 0.8063223508459484,
      "composite_score": 0.5980695118349567,
      "total_flips": 4384,
      "total_extreme_entries": 2246,
      "bars_tested": 93906
    },
    "15min": {
      "roc_length": 20,
      "smooth_length": 8,
      "flip_accuracy": 0.7819340537545026,
      "whipsaw_rate": 0.1862011637572735,
      "avg_trend_duration": 26.002495840266224,
      "zone_accuracy": 0.7888730385164051,
      "composite_score": 0.5996010115061712,
      "total_flips": 1203,
      "total_extreme_entries": 701,
      "bars_tested": 31378
    },
    "1hr": {
      "roc_length": 16,
      "smooth_length": 8,
      "flip_accuracy": 0.7964519140989729,
      "whipsaw_rate": 0.15966386554621848,
      "avg_trend_duration": 21.859550561797754,
      "zone_accuracy": 0.7798165137614679,
      "composite_score": 0.619736187784512,
      "total_flips": 357,
      "total_extreme_entries": 219,
      "bars_tested": 7851
    }
  },
  "META": {
    "1min": {
      "roc_length": 20,
      "smooth_length": 8,
      "flip_accuracy": 0.7928001450852377,
      "whipsaw_rate": 0.23558215451577802,
      "avg_trend_duration": 22.708571428571428,
      "zone_accuracy": 0.7909131010145567,
      "composite_score": 0.5885802956030106,
      "total_flips": 3676,
      "total_extreme_entries": 2267,
      "bars_tested": 83560
    },
    "5min": {
      "roc_length": 20,
      "smooth_length": 8,
      "flip_accuracy": 0.793491124260355,
      "whipsaw_rate": 0.213905325443787,
      "avg_trend_duration": 23.812666469369635,
      "zone_accuracy": 0.7878182725911134,
      "composite_score": 0.5938966894838644,
      "total_flips": 3380,
      "total_extreme_entries": 2003,
      "bars_tested": 80536
    },
    "15min": {
      "roc_length": 20,
      "smooth_length": 8,
      "flip_accuracy": 0.8016018547933442,
      "whipsaw_rate": 0.1972176759410802,
      "avg_trend_duration": 24.473382473382472,
      "zone_accuracy": 0.8023088023088023,
      "composite_score": 0.6056898947957491,
      "total_flips": 1222,
      "total_extreme_entries": 693,
      "bars_tested": 29938
    },
    "1hr": {
      "roc_length": 14,
      "smooth_length": 8,
      "flip_accuracy": 0.7891891891891891,
      "whipsaw_rate": 0.20270270270270271,
      "avg_trend_duration": 20.929539295392953,
      "zone_accuracy": 0.7376237623762376,
      "composite_score": 0.5995610314567313,
      "total_flips": 370,
      "total_extreme_entries": 202,
      "bars_tested": 7823
    }
  },
  "NFLX": {
    "1min": {
      "roc_length": 20,
      "smooth_length": 8,
      "flip_accuracy": 0.7721745350500715,
      "whipsaw_rate": 0.220970769643336,
      "avg_trend_duration": 22.681598712446352,
      "zone_accuracy": 0.7574135090609555,
      "composite_score": 0.5799707669576674,