{
  "SPY": {
    "1min": {
      "base_length": 16,
      "step_mult": 1.8,
      "smoothing": 3,
      "flip_accuracy": 0.793963254593176,
      "whipsaw_rate": 0.09142607174103237,
      "avg_trend_duration": 46.49671772428884,
      "squeeze_accuracy": 0.01555023923444976,
      "composite_score": 0.757363157057521,
      "total_flips": 2286,
      "bars_tested": 106329
    },
    "5min": {
      "base_length": 16,
      "step_mult": 1.8,
      "smoothing": 3,
      "flip_accuracy": 0.7973621103117506,
      "whipsaw_rate": 0.09558067831449127,
      "avg_trend_duration": 47.6611825192802,
      "squeeze_accuracy": 0.14954682779456194,
      "composite_score": 0.7776135931996743,
      "total_flips": 1946,
      "bars_tested": 92732
    },
    "15min": {
      "base_length": 16,
      "step_mult": 1.8,
      "smoothing": 3,
      "flip_accuracy": 0.8153768335862418,
      "whipsaw_rate": 0.08497723823975721,
      "avg_trend_duration": 47.53039513677812,
      "squeeze_accuracy": 0.3694690265486726,
      "composite_score": 0.8195579361775462,
      "total_flips": 659,
      "bars_tested": 31386
    },
    "1hr": {
      "base_length": 16,
      "step_mult": 1.8,
      "smoothing": 3,
      "flip_accuracy": 0.7954911433172303,
      "whipsaw_rate": 0.12077294685990338,
      "avg_trend_duration": 38.05339805825243,
      "squeeze_accuracy": 0.8918918918918919,
      "composite_score": 0.8771580782977997,
      "total_flips": 207,
      "bars_tested": 7866
    }
  },
  "QQQ": {
    "1min": {
      "base_length": 16,
      "step_mult": 1.8,
      "smoothing": 3,
      "flip_accuracy": 0.8072305974316025,
      "whipsaw_rate": 0.10552763819095477,
      "avg_trend_duration": 46.26560536237955,
      "squeeze_accuracy": 0.03841463414634146,
      "composite_score": 0.7619109946752733,
      "total_flips": 2388,
      "bars_tested": 110527
    },
    "5min": {
      "base_length": 16,
      "step_mult": 1.8,
      "smoothing": 3,
      "flip_accuracy": 0.7799654576856648,
      "whipsaw_rate": 0.11191709844559586,
      "avg_trend_duration": 48.5137376879212,
      "squeeze_accuracy": 0.24562737642585553,
      "composite_score": 0.7818527420424621,
      "total_flips": 1930,
      "bars_tested": 93614
    },
    "15min": {
      "base_length": 16,
      "step_mult": 1.8,
      "smoothing": 3,
      "flip_accuracy": 0.7950617283950617,
      "whipsaw_rate": 0.09185185185185185,
      "avg_trend_duration": 46.37240356083086,
      "squeeze_accuracy": 0.5676274944567627,
      "composite_score": 0.840452766143823,
      "total_flips": 675,
      "bars_tested": 31380
    },
    "1hr": {
      "base_length": 15,
      "step_mult": 1.7,
      "smoothing": 3,
      "flip_accuracy": 0.7986463620981388,
      "whipsaw_rate": 0.116751269035533,
      "avg_trend_duration": 39.94897959183673,
      "squeeze_accuracy": 0.9324324324324325,
      "composite_score": 0.8902032743403301,
      "total_flips": 197,
      "bars_tested": 7851
    }
  },
  "TSLA": {
    "1min": {
      "base_length": 15,
      "step_mult": 1.8,
      "smoothing": 3,
      "flip_accuracy": 0.7994682339770501,
      "whipsaw_rate": 0.1070528967254408,
      "avg_trend_duration": 47.79798404031919,
      "squeeze_accuracy": 0.2415954415954416,
      "composite_score": 0.7859300411485796,
      "total_flips": 2382,
      "bars_tested": 113856
    },
    "5min": {
      "base_length": 16,
      "step_mult": 1.8,
      "smoothing": 3,
      "flip_accuracy": 0.7800925925925926,
      "whipsaw_rate": 0.11057692307692307,
      "avg_trend_duration": 50.264564404062,
      "squeeze_accuracy": 0.7313311688311688,
      "composite_score": 0.8550878519628519,
      "total_flips": 1872,
      "bars_tested": 94065
    },
    "15min": {
      "base_length": 16,
      "step_mult": 1.8,
      "smoothing": 3,
      "flip_accuracy": 0.7710049423393741,
      "whipsaw_rate": 0.10873146622734761,
      "avg_trend_duration": 51.50990099009901,
      "squeeze_accuracy": 0.9384965831435079,
      "composite_score": 0.8834433507334702,
      "total_flips": 607,
      "bars_tested": 31386
    },
    "1hr": {
      "base_length": 16,
      "step_mult": 1.8,
      "smoothing": 3,
      "flip_accuracy": 0.8126126126126126,
      "whipsaw_rate": 0.10270270270270271,
      "avg_trend_duration": 42.13586956521739,
      "squeeze_accuracy": 1.0,
      "composite_score": 0.9087387387387388,
      "total_flips": 185,
      "bars_tested": 7851
    }
  },
  "NVDA": {
    "1min": {
      "base_length": 16,
      "step_mult": 1.8,
      "smoothing": 3,
      "flip_accuracy": 0.7800925925925926,
      "whipsaw_rate": 0.10743464052287582,
      "avg_trend_duration": 47.29832447895382,
      "squeeze_accuracy": 0.17035775127768313,
      "composite_score": 0.7717274099683409,
      "total_flips": 2448,
      "bars_tested": 115882
    },
    "5min": {
      "base_length": 16,
      "step_mult": 1.8,
      "smoothing": 3,
      "flip_accuracy": 0.7919674255043495,
      "whipsaw_rate": 0.09217101610216547,
      "avg_trend_duration": 52.02777777777778,
      "squeeze_accuracy": 0.6512539184952978,
      "composite_score": 0.8518339326752755,
      "total_flips": 1801,
      "bars_tested": 93906
    },
    "15min": {
      "base_length": 16,
      "step_mult": 1.6,
      "smoothing": 3,
      "flip_accuracy": 0.7861728395061728,
      "whipsaw_rate": 0.0874074074074074,
      "avg_trend_duration": 46.41246290801187,
      "squeeze_accuracy": 0.8976660682226212,
      "composite_score": 0.879953032856323,
      "total_flips": 675,
      "bars_tested": 31378
    },
    "1hr": {
      "base_length": 15,
      "step_mult": 1.6,
      "smoothing": 3,
      "flip_accuracy": 0.8854700854700854,
      "whipsaw_rate": 0.035897435897435895,
      "avg_trend_duration": 40.365979381443296,
      "squeeze_accuracy": 0.993103448275862,
      "composite_score": 0.9265361708641462,
      "total_flips": 195,
      "bars_tested": 7851
    }
  },
  "META": {
    "1min": {
      "base_length": 16,
      "step_mult": 1.8,
      "smoothing": 3,
      "flip_accuracy": 0.7737556561085972,
      "whipsaw_rate": 0.10237556561085973,
      "avg_trend_duration": 47.26315789473684,
      "squeeze_accuracy": 0.16039156626506024,
      "composite_score": 0.7692793231750531,
      "total_flips": 1768,
      "bars_tested": 83560
    },
    "5min": {
      "base_length": 16,
      "step_mult": 1.8,
      "smoothing": 3,
      "flip_accuracy": 0.7929019955415896,
      "whipsaw_rate": 0.08687381103360811,
      "avg_trend_duration": 51.09263959390863,
      "squeeze_accuracy": 0.5651041666666666,
      "composite_score": 0.8405628706811542,
      "total_flips": 1577,
      "bars_tested": 80536
    },
    "15min": {
      "base_length": 16,
      "step_mult": 1.8,
      "smoothing": 3,
      "flip_accuracy": 0.8035207268597387,
      "whipsaw_rate": 0.0868824531516184,
      "avg_trend_duration": 50.94027303754266,
      "squeeze_accuracy": 0.816933638443936,
      "composite_score": 0.8820516868795943,
      "total_flips": 587,
      "bars_tested": 29938
    },
    "1hr": {
      "base_length": 15,
      "step_mult": 1.8,
      "smoothing": 3,
      "flip_accuracy": 0.8322717622080681,
      "whipsaw_rate": 0.12101910828025478,
      "avg_trend_duration": 49.15384615384615,
      "squeeze_accuracy": 0.9734513274336283,
      "composite_score": 0.9070580388178043,
      "total_flips": 157,
      "bars_tested": 7823
    }
  },
  "NFLX": {
    "1min": {
      "base_length": 16,
      "step_mult": 1.8,
      "smoothing": 3,
      "flip_accuracy": 0.7653246282190788,
      "whipsaw_rate": 0.10990206746463548,
      "avg_trend_duration": 46.0342950462711,
      "squeeze_accuracy": 0.15199449793672629,
      "composite_score": 0.7631872777010277,
      "total_flips": 1838,
      "bars_tested": 84611
    },
    "5min": {
      "base_length": 16,
      "step_mult": 1.8,
      "smoothing": 3,
      "flip_accuracy": 0.7991693709681088,
      "whipsaw_rate": 0.08110236220472442,