{
  "SPY": {
    "1min": {
      "rsi_length": 16,
      "stoch_length": 10,
      "cross_accuracy": 0.784140612344079,
      "whipsaw_rate": 0.6381014093633566,
      "avg_trend_duration": 8.608100445524505,
      "zone_exit_accuracy": 0.8115458015267175,
      "composite_score": 0.4870605183180077,
      "total_crosses": 12346,
      "total_zone_exits": 2096,
      "bars_tested": 106329
    },
    "5min": {
      "rsi_length": 20,
      "stoch_length": 18,
      "cross_accuracy": 0.7919365602795118,
      "whipsaw_rate": 0.6137086326698857,
      "avg_trend_duration": 10.917196702002355,
      "zone_exit_accuracy": 0.8131510416666666,
      "composite_score": 0.4963119365423256,
      "total_crosses": 8491,
      "total_zone_exits": 1536,
      "bars_tested": 92732
    },
    "15min": {
      "rsi_length": 16,
      "stoch_length": 10,
      "cross_accuracy": 0.8047487209616299,
      "whipsaw_rate": 0.5918297288019224,
      "avg_trend_duration": 10.768543956043956,
      "zone_exit_accuracy": 0.8124267291910903,
      "composite_score": 0.5072841306866205,
      "total_crosses": 2913,
      "total_zone_exits": 853,
      "bars_tested": 31386
    },
    "1hr": {
      "rsi_length": 20,
      "stoch_length": 18,
      "cross_accuracy": 0.7885923600209314,
      "whipsaw_rate": 0.5604395604395604,
      "avg_trend_duration": 12.30503144654088,
      "zone_exit_accuracy": 0.8527131782945736,
      "composite_score": 0.5216260700574247,
      "total_crosses": 637,
      "total_zone_exits": 129,
      "bars_tested": 7866
    }
  },
  "QQQ": {
    "1min": {
      "rsi_length": 18,
      "stoch_length": 12,
      "cross_accuracy": 0.7858361774744026,
      "whipsaw_rate": 0.6226109215017065,
      "avg_trend_duration": 9.4259749125352,
      "zone_exit_accuracy": 0.808473592571097,
      "composite_score": 0.49108738113739986,
      "total_crosses": 11720,
      "total_zone_exits": 1723,
      "bars_tested": 110527
    },
    "5min": {
      "rsi_length": 14,
      "stoch_length": 14,
      "cross_accuracy": 0.7959291046003091,
      "whipsaw_rate": 0.6134951168984907,
      "avg_trend_duration": 9.231945540647198,
      "zone_exit_accuracy": 0.806949806949807,
      "composite_score": 0.49673696415982604,
      "total_crosses": 10137,
      "total_zone_exits": 2849,
      "bars_tested": 93614
    },
    "15min": {
      "rsi_length": 14,
      "stoch_length": 14,
      "cross_accuracy": 0.8003620481486234,
      "whipsaw_rate": 0.6061179438662883,
      "avg_trend_duration": 9.890851735015772,
      "zone_exit_accuracy": 0.8123222748815165,
      "composite_score": 0.5020215523176442,
      "total_crosses": 3171,
      "total_zone_exits": 1055,
      "bars_tested": 31380
    },
    "1hr": {
      "rsi_length": 20,
      "stoch_length": 18,
      "cross_accuracy": 0.8107064017660045,
      "whipsaw_rate": 0.5463576158940397,
      "avg_trend_duration": 12.953565505804312,
      "zone_exit_accuracy": 0.8680555555555556,
      "composite_score": 0.5356157977360477,
      "total_crosses": 604,
      "total_zone_exits": 144,
      "bars_tested": 7851
    }
  },
  "TSLA": {
    "1min": {
      "rsi_length": 16,
      "stoch_length": 10,
      "cross_accuracy": 0.7838801903507789,
      "whipsaw_rate": 0.6389548693586699,
      "avg_trend_duration": 8.722835249042145,
      "zone_exit_accuracy": 0.816308636562911,
      "composite_score": 0.4874487091316966,
      "total_crosses": 13051,
      "total_zone_exits": 2281,
      "bars_tested": 113856
    },
    "5min": {
      "rsi_length": 20,
      "stoch_length": 18,
      "cross_accuracy": 0.7853864284828186,
      "whipsaw_rate": 0.6000496216350328,
      "avg_trend_duration": 11.665136476426799,
      "zone_exit_accuracy": 0.8205128205128205,
      "composite_score": 0.4985698248569689,
      "total_crosses": 8061,
      "total_zone_exits": 1716,
      "bars_tested": 94065
    },
    "15min": {
      "rsi_length": 16,
      "stoch_length": 10,
      "cross_accuracy": 0.7850260879485779,
      "whipsaw_rate": 0.5741609527246482,
      "avg_trend_duration": 11.322021660649819,
      "zone_exit_accuracy": 0.826797385620915,
      "composite_score": 0.5070421743209688,
      "total_crosses": 2771,
      "total_zone_exits": 918,
      "bars_tested": 31386
    },
    "1hr": {
      "rsi_length": 18,
      "stoch_length": 12,
      "cross_accuracy": 0.7740384615384616,
      "whipsaw_rate": 0.5296,
      "avg_trend_duration": 12.551282051282051,
      "zone_exit_accuracy": 0.7884615384615384,
      "composite_score": 0.5147761212029172,
      "total_crosses": 625,
      "total_zone_exits": 208,
      "bars_tested": 7851
    }
  },
  "NVDA": {
    "1min": {
      "rsi_length": 16,
      "stoch_length": 10,
      "cross_accuracy": 0.7709927064419325,
      "whipsaw_rate": 0.6333606740735217,
      "avg_trend_duration": 8.639970171513795,
      "zone_exit_accuracy": 0.8019323671497585,
      "composite_score": 0.4821699255353227,
      "total_crosses": 13411,
      "total_zone_exits": 2277,
      "bars_tested": 115882
    },
    "5min": {
      "rsi_length": 20,
      "stoch_length": 18,
      "cross_accuracy": 0.7775311862867427,
      "whipsaw_rate": 0.594169835234474,
      "avg_trend_duration": 11.900747876790467,
      "zone_exit_accuracy": 0.8167539267015707,
      "composite_score": 0.49674019755321785,
      "total_crosses": 7890,
      "total_zone_exits": 1719,
      "bars_tested": 93906
    },
    "15min": {
      "rsi_length": 20,
      "stoch_length": 18,
      "cross_accuracy": 0.7876569837214035,
      "whipsaw_rate": 0.588715953307393,
      "avg_trend_duration": 12.200467107824055,
      "zone_exit_accuracy": 0.8123209169054442,
      "composite_score": 0.5022932051673688,
      "total_crosses": 2570,
      "total_zone_exits": 698,
      "bars_tested": 31378
    },
    "1hr": {
      "rsi_length": 20,
      "stoch_length": 18,
      "cross_accuracy": 0.7817786324786326,
      "whipsaw_rate": 0.5632,
      "avg_trend_duration": 12.525641025641026,
      "zone_exit_accuracy": 0.8503401360544217,
      "composite_score": 0.518350640887671,
      "total_crosses": 625,
      "total_zone_exits": 147,
      "bars_tested": 7851
    }
  },
  "META": {
    "1min": {
      "rsi_length": 20,
      "stoch_length": 18,
      "cross_accuracy": 0.7710565234642716,
      "whipsaw_rate": 0.6502543014825235,
      "avg_trend_duration": 9.035064935064936,
      "zone_exit_accuracy": 0.8055260361317748,
      "composite_score": 0.4786757466349588,
      "total_crosses": 9241,
      "total_zone_exits": 941,
      "bars_tested": 83560
    },
    "5min": {
      "rsi_length": 20,
      "stoch_length": 18,
      "cross_accuracy": 0.7745349035671616,
      "whipsaw_rate": 0.6290322580645161,
      "avg_trend_duration": 10.304826526693125,
      "zone_exit_accuracy": 0.8081841432225064,
      "composite_score": 0.48569653844662497,
      "total_crosses": 7812,
      "total_zone_exits": 1173,
      "bars_tested": 80536
    },
    "15min": {
      "rsi_length": 20,
      "stoch_length": 18,
      "cross_accuracy": 0.7837219350474598,
      "whipsaw_rate": 0.5939204988308652,
      "avg_trend_duration": 11.660818713450292,
      "zone_exit_accuracy": 0.8145454545454546,
      "composite_score": 0.49995186534847724,
      "total_crosses": 2566,
      "total_zone_exits": 550,
      "bars_tested": 29938
    },
    "1hr": {
      "rsi_length": 18,
      "stoch_length": 12,
      "cross_accuracy": 0.774987690792713,
      "whipsaw_rate": 0.5701624815361891,
      "avg_trend_duration": 11.516272189349113,
      "zone_exit_accuracy": 0.8783068783068783,
      "composite_score": 0.5178116247995063,
      "total_crosses": 677,
      "total_zone_exits": 189,
      "bars_tested": 7823
    }
  },
  "NFLX": {
    "1min": {
      "rsi_length": 20,
      "stoch_length": 18,
      "cross_accuracy": 0.7520304174008672,
      "whipsaw_rate": 0.6626167285872075,
      "avg_trend_duration": 8.494275959027917,