{
  "SPY": {
    "1min": {
      "swing_length": 6,
      "ob_strength": 1.5,
      "flip_accuracy": 0.8933495539334956,
      "whipsaw_rate": 0.029602595296025953,
      "avg_trend_duration": 21.547556276617318,
      "composite_score": 0.6496749421058058,
      "total_signals": 4942,
      "total_choch": 1993,
      "bars_tested": 106329
    },
    "5min": {
      "swing_length": 10,
      "ob_strength": 1.0,
      "flip_accuracy": 0.8965437562693522,
      "whipsaw_rate": 0.018777739842949812,
      "avg_trend_duration": 31.648907103825138,
      "composite_score": 0.6550319466185983,
      "total_signals": 2931,
      "total_choch": 1030,
      "bars_tested": 92732
    },
    "15min": {
      "swing_length": 6,
      "ob_strength": 1.5,
      "flip_accuracy": 0.9053774222001709,
      "whipsaw_rate": 0.04885057471264368,
      "avg_trend_duration": 22.529834651329978,
      "composite_score": 0.6518027807238418,
      "total_signals": 1394,
      "total_choch": 571,
      "bars_tested": 31386
    },
    "1hr": {
      "swing_length": 10,
      "ob_strength": 1.0,
      "flip_accuracy": 0.8549707602339182,
      "whipsaw_rate": 0.021052631578947368,
      "avg_trend_duration": 27.447183098591548,
      "composite_score": 0.6566085810566424,
      "total_signals": 285,
      "total_choch": 101,
      "bars_tested": 7866
    }
  },
  "QQQ": {
    "1min": {
      "swing_length": 8,
      "ob_strength": 3.0,
      "flip_accuracy": 0.8954472660718372,
      "whipsaw_rate": 0.022878059940517045,
      "avg_trend_duration": 25.26933638443936,
      "composite_score": 0.6526872439299153,
      "total_signals": 4374,
      "total_choch": 1667,
      "bars_tested": 110527
    },
    "5min": {
      "swing_length": 9,
      "ob_strength": 3.0,
      "flip_accuracy": 0.8949361428917721,
      "whipsaw_rate": 0.022508038585209004,
      "avg_trend_duration": 30.09231264072049,
      "composite_score": 0.6531507514995378,
      "total_signals": 3120,
      "total_choch": 1213,
      "bars_tested": 93614
    },
    "15min": {
      "swing_length": 6,
      "ob_strength": 1.5,
      "flip_accuracy": 0.896310407117716,
      "whipsaw_rate": 0.041637751561415685,
      "avg_trend_duration": 21.764583333333334,
      "composite_score": 0.6501943255877121,
      "total_signals": 1448,
      "total_choch": 576,
      "bars_tested": 31380
    },
    "1hr": {
      "swing_length": 10,
      "ob_strength": 1.0,
      "flip_accuracy": 0.8738095238095238,
      "whipsaw_rate": 0.014285714285714285,
      "avg_trend_duration": 27.59856630824373,
      "composite_score": 0.6663298539757672,
      "total_signals": 280,
      "total_choch": 111,
      "bars_tested": 7851
    }
  },
  "TSLA": {
    "1min": {
      "swing_length": 6,
      "ob_strength": 1.5,
      "flip_accuracy": 0.8936432832750462,
      "whipsaw_rate": 0.03517794692450113,
      "avg_trend_duration": 23.40843621399177,
      "composite_score": 0.6481375103990885,
      "total_signals": 4869,
      "total_choch": 1976,
      "bars_tested": 113856
    },
    "5min": {
      "swing_length": 8,
      "ob_strength": 3.0,
      "flip_accuracy": 0.8972780298120545,
      "whipsaw_rate": 0.028191834089436162,
      "avg_trend_duration": 30.46385737439222,
      "composite_score": 0.6523968195595373,
      "total_signals": 3092,
      "total_choch": 1224,
      "bars_tested": 94065
    },
    "15min": {
      "swing_length": 8,
      "ob_strength": 3.0,
      "flip_accuracy": 0.8885262495723726,
      "whipsaw_rate": 0.049586776859504134,
      "avg_trend_duration": 28.782169117647058,
      "composite_score": 0.6460366975334085,
      "total_signals": 1095,
      "total_choch": 454,
      "bars_tested": 31386
    },
    "1hr": {
      "swing_length": 10,
      "ob_strength": 1.0,
      "flip_accuracy": 0.8789115646258504,
      "whipsaw_rate": 0.024489795918367346,
      "avg_trend_duration": 31.778688524590162,
      "composite_score": 0.6685040367306115,
      "total_signals": 245,
      "total_choch": 94,
      "bars_tested": 7851
    }
  },
  "NVDA": {
    "1min": {
      "swing_length": 9,
      "ob_strength": 3.0,
      "flip_accuracy": 0.8807036342530582,
      "whipsaw_rate": 0.02759174926332708,
      "avg_trend_duration": 31.019560557341908,
      "composite_score": 0.6456100227361399,
      "total_signals": 3744,
      "total_choch": 1443,
      "bars_tested": 115882
    },
    "5min": {
      "swing_length": 10,
      "ob_strength": 1.0,
      "flip_accuracy": 0.8962742913726945,
      "whipsaw_rate": 0.02227998514667657,
      "avg_trend_duration": 34.85066864784547,
      "composite_score": 0.6540524585073332,
      "total_signals": 2697,
      "total_choch": 1020,
      "bars_tested": 93906
    },
    "15min": {
      "swing_length": 5,
      "ob_strength": 2.0,
      "flip_accuracy": 0.9060393738336355,
      "whipsaw_rate": 0.04935622317596566,
      "avg_trend_duration": 22.415175375805298,
      "composite_score": 0.6518950401514093,
      "total_signals": 1403,
      "total_choch": 574,
      "bars_tested": 31378
    },
    "1hr": {
      "swing_length": 10,
      "ob_strength": 1.0,
      "flip_accuracy": 0.8978494623655914,
      "whipsaw_rate": 0.012048192771084338,
      "avg_trend_duration": 31.427419354838708,
      "composite_score": 0.6795432249787544,
      "total_signals": 249,
      "total_choch": 101,
      "bars_tested": 7851
    }
  },
  "META": {
    "1min": {
      "swing_length": 7,
      "ob_strength": 2.5,
      "flip_accuracy": 0.8902990097106048,
      "whipsaw_rate": 0.036342659359676954,
      "avg_trend_duration": 24.079630698211194,
      "composite_score": 0.6469458365237929,
      "total_signals": 3473,
      "total_choch": 1337,
      "bars_tested": 83560
    },
    "5min": {
      "swing_length": 8,
      "ob_strength": 3.0,
      "flip_accuracy": 0.8939465296758055,
      "whipsaw_rate": 0.029923451635351428,
      "avg_trend_duration": 27.99199443090846,
      "composite_score": 0.6506870035996613,
      "total_signals": 2877,
      "total_choch": 1099,
      "bars_tested": 80536
    },
    "15min": {
      "swing_length": 10,
      "ob_strength": 1.0,
      "flip_accuracy": 0.8785761809713906,
      "whipsaw_rate": 0.06387225548902195,
      "avg_trend_duration": 29.83116883116883,
      "composite_score": 0.6382473852597537,
      "total_signals": 1009,
      "total_choch": 394,
      "bars_tested": 29938
    },
    "1hr": {
      "swing_length": 10,
      "ob_strength": 1.0,
      "flip_accuracy": 0.8669260027662516,
      "whipsaw_rate": 0.012396694214876033,
      "avg_trend_duration": 32.21576763485477,
      "composite_score": 0.6677598941598352,
      "total_signals": 242,
      "total_choch": 105,
      "bars_tested": 7823
    }
  },
  "NFLX": {
    "1min": {
      "swing_length": 5,
      "ob_strength": 2.0,
      "flip_accuracy": 0.8707027199489511,
      "whipsaw_rate": 0.040679588418281884,
      "avg_trend_duration": 20.239109621828625,
      "composite_score": 0.6375124226882258,
      "total_signals": 4183,
      "total_choch": 1674,
      "bars_tested": 84611
    },
    "5min": {
      "swing_length": 9,
      "ob_strength": 3.0,
      "flip_accuracy": 0.8834708062832627,
      "whipsaw_rate": 0.028055159296243463,
      "avg_trend_duration": 28.819695528068507,
      "composite_score": 0.6478214010187979,
      "total_signals": 2105,
      "total_choch": 804,
      "bars_tested": 60681
    },
    "15min": {
      "swing_length": 10,
      "ob_strength": 1.0,
      "flip_accuracy": 0.8931882305521966,
      "whipsaw_rate": 0.04232164449818621,
      "avg_trend_duration": 28.641646489104115,
      "composite_score": 0.651825873426925,
      "total_signals": 829,
      "total_choch": 291,
      "bars_tested": 23713
    },
    "1hr": {
      "swing_length": 6,
      "ob_strength": 1.5,
      "flip_accuracy": 0.8940329218106996,
      "whipsaw_rate": 0.015432098765432098,
      "avg_trend_duration": 21.520123839009287,