{
  "SPY": {
    "1min": {
      "adx_length": 25,
      "smoothing": 5,
      "flip_accuracy": 0.791957728819631,
      "whipsaw_rate": 0.26088124664159057,
      "avg_trend_duration": 28.548777210427303,
      "zone_crossing_accuracy": 0.8176795580110497,
      "composite_score": 0.8346168271281307,
      "total_flips": 3722,
      "total_zone_entries": 181,
      "bars_tested": 106329
    },
    "5min": {
      "adx_length": 25,
      "smoothing": 5,
      "flip_accuracy": 0.8029134532990575,
      "whipsaw_rate": 0.20919023136246787,
      "avg_trend_duration": 29.776599164255867,
      "zone_crossing_accuracy": 0.8075757575757576,
      "composite_score": 0.8498585144504167,
      "total_flips": 3112,
      "total_zone_entries": 220,
      "bars_tested": 92732
    },
    "15min": {
      "adx_length": 25,
      "smoothing": 5,
      "flip_accuracy": 0.7949429540548875,
      "whipsaw_rate": 0.2247918593894542,
      "avg_trend_duration": 28.96759259259259,
      "zone_crossing_accuracy": 0.8022598870056497,
      "composite_score": 0.8423710521226945,
      "total_flips": 1081,
      "total_zone_entries": 59,
      "bars_tested": 31386
    },
    "1hr": {
      "adx_length": 25,
      "smoothing": 5,
      "flip_accuracy": 0.8077360637087599,
      "whipsaw_rate": 0.24914675767918087,
      "avg_trend_duration": 26.791095890410958,
      "zone_crossing_accuracy": 0.6666666666666666,
      "composite_score": 0.8204209328782707,
      "total_flips": 293,
      "total_zone_entries": 6,
      "bars_tested": 7866
    }
  },
  "QQQ": {
    "1min": {
      "adx_length": 25,
      "smoothing": 5,
      "flip_accuracy": 0.7899073120494337,
      "whipsaw_rate": 0.266735324407827,
      "avg_trend_duration": 28.442698944115374,
      "zone_crossing_accuracy": 0.7820512820512819,
      "composite_score": 0.8270914204230373,
      "total_flips": 3884,
      "total_zone_entries": 260,
      "bars_tested": 110527
    },
    "5min": {
      "adx_length": 25,
      "smoothing": 5,
      "flip_accuracy": 0.7989746945898779,
      "whipsaw_rate": 0.20484293193717276,
      "avg_trend_duration": 30.616366612111293,
      "zone_crossing_accuracy": 0.8014184397163121,
      "composite_score": 0.8486431760796109,
      "total_flips": 3056,
      "total_zone_entries": 282,
      "bars_tested": 93614
    },
    "15min": {
      "adx_length": 25,
      "smoothing": 5,
      "flip_accuracy": 0.7971280171096854,
      "whipsaw_rate": 0.23556370302474794,
      "avg_trend_duration": 28.696330275229357,
      "zone_crossing_accuracy": 0.7761904761904761,
      "composite_score": 0.8365324516607743,
      "total_flips": 1091,
      "total_zone_entries": 70,
      "bars_tested": 31380
    },
    "1hr": {
      "adx_length": 25,
      "smoothing": 5,
      "flip_accuracy": 0.8021201413427562,
      "whipsaw_rate": 0.2579505300353357,
      "avg_trend_duration": 27.68439716312057,
      "zone_crossing_accuracy": 0.6666666666666666,
      "composite_score": 0.8162544169611307,
      "total_flips": 283,
      "total_zone_entries": 12,
      "bars_tested": 7851
    }
  },
  "TSLA": {
    "1min": {
      "adx_length": 25,
      "smoothing": 5,
      "flip_accuracy": 0.7906914893617021,
      "whipsaw_rate": 0.24308510638297873,
      "avg_trend_duration": 30.26682628358606,
      "zone_crossing_accuracy": 0.7894103489771359,
      "composite_score": 0.8343822970274214,
      "total_flips": 3760,
      "total_zone_entries": 277,
      "bars_tested": 113856
    },
    "5min": {
      "adx_length": 25,
      "smoothing": 5,
      "flip_accuracy": 0.797808764940239,
      "whipsaw_rate": 0.20849933598937584,
      "avg_trend_duration": 31.216871471272004,
      "zone_crossing_accuracy": 0.7988304093567251,
      "composite_score": 0.8469327951352483,
      "total_flips": 3012,
      "total_zone_entries": 285,
      "bars_tested": 94065
    },
    "15min": {
      "adx_length": 25,
      "smoothing": 5,
      "flip_accuracy": 0.7697175698594023,
      "whipsaw_rate": 0.24261992619926198,
      "avg_trend_duration": 28.89566020313943,
      "zone_crossing_accuracy": 0.8844444444444445,
      "composite_score": 0.8414128345676419,
      "total_flips": 1084,
      "total_zone_entries": 75,
      "bars_tested": 31386
    },
    "1hr": {
      "adx_length": 25,
      "smoothing": 5,
      "flip_accuracy": 0.8255657036749148,
      "whipsaw_rate": 0.17063492063492064,
      "avg_trend_duration": 30.9402390438247,
      "zone_crossing_accuracy": 0.9074074074074074,
      "composite_score": 0.8824003772386011,
      "total_flips": 252,
      "total_zone_entries": 18,
      "bars_tested": 7851
    }
  },
  "NVDA": {
    "1min": {
      "adx_length": 25,
      "smoothing": 5,
      "flip_accuracy": 0.7889805741791301,
      "whipsaw_rate": 0.2490974729241877,
      "avg_trend_duration": 29.85323703894764,
      "zone_crossing_accuracy": 0.7443461160275319,
      "composite_score": 0.8255207501357784,
      "total_flips": 3878,
      "total_zone_entries": 339,
      "bars_tested": 115882
    },
    "5min": {
      "adx_length": 25,
      "smoothing": 5,
      "flip_accuracy": 0.7851665090870891,
      "whipsaw_rate": 0.2042231326820044,
      "avg_trend_duration": 29.577553593947037,
      "zone_crossing_accuracy": 0.7833333333333332,
      "composite_score": 0.84125249500998,
      "total_flips": 3173,
      "total_zone_entries": 260,
      "bars_tested": 93906
    },
    "15min": {
      "adx_length": 25,
      "smoothing": 5,
      "flip_accuracy": 0.7810370370370371,
      "whipsaw_rate": 0.22933333333333333,
      "avg_trend_duration": 27.822953736654803,
      "zone_crossing_accuracy": 0.7909604519774011,
      "composite_score": 0.8346736974262398,
      "total_flips": 1125,
      "total_zone_entries": 59,
      "bars_tested": 31378
    },
    "1hr": {
      "adx_length": 25,
      "smoothing": 5,
      "flip_accuracy": 0.7990708478513356,
      "whipsaw_rate": 0.18815331010452963,
      "avg_trend_duration": 27.304195804195803,
      "zone_crossing_accuracy": 1.0,
      "composite_score": 0.882636469221835,
      "total_flips": 287,
      "total_zone_entries": 5,
      "bars_tested": 7851
    }
  },
  "META": {
    "1min": {
      "adx_length": 25,
      "smoothing": 5,
      "flip_accuracy": 0.7880756953944369,
      "whipsaw_rate": 0.25718194254445964,
      "avg_trend_duration": 28.55867259664728,
      "zone_crossing_accuracy": 0.7796610169491526,
      "composite_score": 0.8284801602943108,
      "total_flips": 2924,
      "total_zone_entries": 118,
      "bars_tested": 83560
    },
    "5min": {
      "adx_length": 25,
      "smoothing": 5,
      "flip_accuracy": 0.7802108678021087,
      "whipsaw_rate": 0.240528328119569,
      "avg_trend_duration": 27.916898470097358,
      "zone_crossing_accuracy": 0.7205128205128205,
      "composite_score": 0.8210186447777689,
      "total_flips": 2877,
      "total_zone_entries": 130,
      "bars_tested": 80536
    },
    "15min": {
      "adx_length": 25,
      "smoothing": 5,
      "flip_accuracy": 0.7913875598086125,
      "whipsaw_rate": 0.24688995215311005,
      "avg_trend_duration": 28.559386973180075,
      "zone_crossing_accuracy": 0.7006802721088435,
      "composite_score": 0.8203651987110634,
      "total_flips": 1045,
      "total_zone_entries": 49,
      "bars_tested": 29938
    },
    "1hr": {
      "adx_length": 22,
      "smoothing": 5,
      "flip_accuracy": 0.7586618876941458,
      "whipsaw_rate": 0.24372759856630824,
      "avg_trend_duration": 27.72661870503597,
      "zone_crossing_accuracy": 0.8205128205128206,
      "composite_score": 0.8186838783729014,
      "total_flips": 279,
      "total_zone_entries": 13,
      "bars_tested": 7823
    }
  },
  "NFLX": {
    "1min": {
      "adx_length": 25,
      "smoothing": 5,
      "flip_accuracy": 0.768120590121873,
      "whipsaw_rate": 0.2757294004488618,
      "avg_trend_duration": 27.127645926876202,
      "zone_crossing_accuracy": 0.7168949771689498,